{"train_loss": 1.5147615671157837, "train_sum_loss": 3315.33715236187, "train_sum_loss/Batch": 103.60428601130843, "_timestamp": 1679379167.937993, "_runtime": 450.1404139995575, "_step": 80579, "gradients/fc.bias": {"_type": "histogram", "values": [1.0, 0.0, 0.0, 0.0, 0.0, 0.0, 0.0, 0.0, 0.0, 0.0, 0.0, 0.0, 0.0, 2.0, 0.0, 2.0, 2.0, 0.0, 1.0, 2.0, 1.0, 0.0, 0.0, 1.0, 0.0, 1.0, 0.0, 0.0, 1.0, 1.0, 1.0, 0.0, 4.0, 1.0, 0.0, 1.0, 1.0, 1.0, 0.0, 0.0, 1.0, 3.0, 62.0, 79.0, 36.0, 11.0, 7.0, 5.0, 6.0, 2.0, 3.0, 3.0, 2.0, 1.0, 1.0, 2.0, 1.0, 0.0, 0.0, 0.0, 0.0, 0.0, 0.0, 1.0], "bins": [-0.04490971937775612, -0.043853506445884705, -0.04279729351401329, -0.041741084307432175, -0.04068487137556076, -0.039628658443689346, -0.03857244551181793, -0.03751623257994652, -0.036460019648075104, -0.03540380671620369, -0.034347593784332275, -0.03329138457775116, -0.032235171645879745, -0.03117895871400833, -0.030122745782136917, -0.029066532850265503, -0.028010323643684387, -0.026954110711812973, -0.025897899642586708, -0.024841686710715294, -0.02378547564148903, -0.022729262709617615, -0.0216730497777462, -0.020616836845874786, -0.01956062577664852, -0.018504412844777107, -0.017448201775550842, -0.016391988843679428, -0.015335776843130589, -0.014279564842581749, -0.013223351910710335, -0.012167139910161495, -0.011110929772257805, -0.010054717771708965, -0.008998505771160126, -0.007942292839288712, -0.006886080838739872, -0.005829868838191032, -0.0047736563719809055, -0.0037174439057707787, -0.002661231905221939, -0.0016050196718424559, -0.0005488074384629726, 0.0005074047949165106, 0.0015636170282959938, 0.0026198290288448334, 0.0036760414950549603, 0.004732253961265087, 0.005788465961813927, 0.006844677962362766, 0.007900889962911606, 0.00895710289478302, 0.01001331489533186, 0.0110695268958807, 0.012125739827752113, 0.013181951828300953, 0.014238163828849792, 0.015294375829398632, 0.01635058782994747, 0.017406800761818886, 0.01846301183104515, 0.019519224762916565, 0.02057543769478798, 0.021631650626659393, 0.022687861695885658]}, "gradients/fc.weight": {"_type": "histogram", "values": [1.0, 0.0, 0.0, 2.0, 0.0, 0.0, 1.0, 1.0, 1.0, 2.0, 7.0, 10.0, 16.0, 9.0, 15.0, 20.0, 32.0, 41.0, 42.0, 42.0, 44.0, 37.0, 48.0, 84.0, 97.0, 120.0, 154.0, 174.0, 272.0, 307.0, 557.0, 1975.0, 22290.0, 3136.0, 726.0, 325.0, 274.0, 226.0, 148.0, 124.0, 104.0, 76.0, 58.0, 50.0, 33.0, 51.0, 42.0, 45.0, 43.0, 33.0, 18.0, 25.0, 23.0, 8.0, 13.0, 11.0, 1.0, 2.0, 0.0, 1.0, 0.0, 1.0, 0.0, 2.0], "bins": [-0.0448792427778244, -0.04350592568516731, -0.04213261231780052, -0.04075929522514343, -0.03938598185777664, -0.03801266476511955, -0.03663934767246246, -0.03526603430509567, -0.03389271721243858, -0.032519400119781494, -0.031146086752414703, -0.029772769659757614, -0.028399454429745674, -0.027026139199733734, -0.025652823969721794, -0.024279508739709854, -0.022906193509697914, -0.021532878279685974, -0.020159563049674034, -0.018786247819662094, -0.017412930727005005, -0.016039615496993065, -0.014666300266981125, -0.01329298410564661, -0.011919669806957245, -0.010546354576945305, -0.00917303841561079, -0.00779972318559885, -0.006426407489925623, -0.005053091794252396, -0.0036797765642404556, -0.002306460402905941, -0.0009331442415714264, 0.0004401713376864791, 0.0018134869169443846, 0.0031868023797869682, 0.0045601180754601955, 0.005933433771133423, 0.007306749001145363, 0.008680065162479877, 0.010053381323814392, 0.011426696553826332, 0.012800012715160847, 0.014173327945172787, 0.015546644106507301, 0.01691995933651924, 0.01829327456653118, 0.01966658979654312, 0.02103990502655506, 0.022413220256567, 0.02378653548657894, 0.02515985071659088, 0.02653316780924797, 0.02790648303925991, 0.02927979826927185, 0.03065311536192894, 0.03202642872929573, 0.03339974582195282, 0.03477305918931961, 0.0361463762819767, 0.03751968964934349, 0.03889300674200058, 0.04026632010936737, 0.04163963720202446, 0.04301295429468155]}, "gradients/gru.weight_ih_l0": {"_type": "histogram", "values": [1.0, 1.0, 1.0, 5.0, 3.0, 3.0, 3.0, 3.0, 1.0, 10.0, 9.0, 41.0, 15.0, 11.0, 7.0, 13.0, 26.0, 20.0, 58.0, 41.0, 45.0, 49.0, 118.0, 96.0, 65.0, 75.0, 66.0, 92.0, 143.0, 274.0, 745.0, 1004.0, 83886.0, 4657.0, 855.0, 331.0, 445.0, 262.0, 120.0, 93.0, 75.0, 81.0, 36.0, 43.0, 49.0, 87.0, 44.0, 91.0, 98.0, 70.0, 27.0, 22.0, 10.0, 7.0, 6.0, 0.0, 5.0, 5.0, 5.0, 2.0, 5.0, 1.0, 1.0, 1.0], "bins": [-0.1560000330209732, -0.15124468505382538, -0.14648935198783875, -0.14173400402069092, -0.13697867095470428, -0.13222332298755646, -0.12746798992156982, -0.122712641954422, -0.11795730143785477, -0.11320196092128754, -0.1084466204047203, -0.10369127988815308, -0.09893593192100525, -0.09418059885501862, -0.08942525088787079, -0.08466991037130356, -0.07991456985473633, -0.0751592293381691, -0.07040388882160187, -0.06564854830503464, -0.06089320406317711, -0.05613786354660988, -0.05138251930475235, -0.04662717878818512, -0.04187183827161789, -0.03711649775505066, -0.03236115723848343, -0.0276058129966259, -0.02285047248005867, -0.01809513196349144, -0.01333978958427906, -0.008584447205066681, -0.0038291215896606445, 0.0009262198582291603, 0.005681561306118965, 0.01043690275400877, 0.015192244201898575, 0.019947584718465805, 0.024702927097678185, 0.029458269476890564, 0.034213609993457794, 0.038968950510025024, 0.043724291026592255, 0.04847963526844978, 0.053234975785017014, 0.057990316301584244, 0.06274566054344177, 0.067501001060009, 0.07225634157657623, 0.07701168209314346, 0.0817670226097107, 0.08652236312627792, 0.09127770364284515, 0.09603305160999298, 0.10078839212656021, 0.10554373264312744, 0.11029907315969467, 0.1150544136762619, 0.11980975419282913, 0.12456509470939636, 0.1293204426765442, 0.13407577574253082, 0.13883112370967865, 0.14358645677566528, 0.1483418047428131]}, "gradients/gru.bias_ih_l0": {"_type": "histogram", "values": [1.0, 0.0, 0.0, 0.0, 0.0, 0.0, 0.0, 0.0, 0.0, 0.0, 1.0, 0.0, 1.0, 0.0, 0.0, 0.0, 0.0, 0.0, 0.0, 0.0, 0.0, 1.0, 0.0, 0.0, 1.0, 0.0, 0.0, 0.0, 0.0, 0.0, 0.0, 1.0, 2.0, 1.0, 5.0, 3.0, 11.0, 281.0, 43.0, 9.0, 7.0, 2.0, 1.0, 3.0, 0.0, 3.0, 1.0, 1.0, 0.0, 0.0, 0.0, 0.0, 1.0, 0.0, 0.0, 0.0, 0.0, 0.0, 0.0, 1.0, 0.0, 0.0, 1.0, 2.0], "bins": [-0.2204115092754364, -0.21459516882896423, -0.20877882838249207, -0.2029624879360199, -0.19714614748954773, -0.19132980704307556, -0.1855134665966034, -0.17969712615013123, -0.17388078570365906, -0.1680644452571869, -0.16224810481071472, -0.15643176436424255, -0.15061542391777039, -0.14479908347129822, -0.13898274302482605, -0.13316640257835388, -0.1273500621318817, -0.12153372168540955, -0.11571738123893738, -0.10990104079246521, -0.10408470034599304, -0.09826835989952087, -0.0924520194530487, -0.08663567900657654, -0.08081932365894318, -0.07500298321247101, -0.06918664276599884, -0.06337030231952667, -0.057553961873054504, -0.051737621426582336, -0.04592127725481987, -0.0401049368083477, -0.03428860008716583, -0.028472259640693665, -0.022655919194221497, -0.01683957688510418, -0.011023236438632011, -0.0052068959921598434, 0.0006094463169574738, 0.006425786763429642, 0.012242123484611511, 0.01805846393108368, 0.023874804377555847, 0.029691146686673164, 0.03550748527050018, 0.04132382571697235, 0.04714016988873482, 0.052956510335206985, 0.05877285450696945, 0.06458919495344162, 0.07040553539991379, 0.07622187584638596, 0.08203821629285812, 0.08785455673933029, 0.09367090463638306, 0.09948724508285522, 0.10530358552932739, 0.11111992597579956, 0.11693626642227173, 0.1227526068687439, 0.12856894731521606, 0.13438528776168823, 0.1402016282081604, 0.14601796865463257, 0.15183430910110474]}, "gradients/gru.bias_ih_l1": {"_type": "histogram", "values": [1.0, 0.0, 2.0, 0.0, 0.0, 1.0, 1.0, 0.0, 1.0, 0.0, 0.0, 1.0, 1.0, 1.0, 1.0, 1.0, 1.0, 1.0, 2.0, 5.0, 1.0, 0.0, 3.0, 3.0, 3.0, 4.0, 2.0, 6.0, 4.0, 10.0, 16.0, 22.0, 29.0, 41.0, 52.0, 34.0, 25.0, 20.0, 10.0, 11.0, 9.0, 8.0, 9.0, 9.0, 2.0, 3.0, 2.0, 3.0, 6.0, 2.0, 2.0, 1.0, 2.0, 1.0, 1.0, 1.0, 2.0, 1.0, 1.0, 0.0, 0.0, 2.0, 0.0, 1.0],