{"train_loss": 2.585448741912842, "train_sum_loss": 5699.276847720146, "train_sum_loss/Batch": 178.10240149125457, "_timestamp": 1680333213.5230305, "_runtime": 218.70514059066772, "_step": 107439, "gradients/layer2.bias": {"_type": "histogram", "values": [2.0, 3.0, 0.0, 1.0, 0.0, 0.0, 1.0, 1.0, 0.0, 0.0, 3.0, 0.0, 1.0, 0.0, 0.0, 1.0, 0.0, 0.0, 0.0, 0.0, 0.0, 0.0, 0.0, 0.0, 1.0, 0.0, 0.0, 0.0, 0.0, 1.0, 0.0, 0.0, 0.0, 0.0, 0.0, 0.0, 0.0, 0.0, 1.0, 135.0, 39.0, 19.0, 12.0, 7.0, 7.0, 3.0, 2.0, 1.0, 1.0, 1.0, 0.0, 1.0, 3.0, 0.0, 0.0, 1.0, 0.0, 0.0, 0.0, 0.0, 0.0, 1.0, 0.0, 1.0], "bins": [-0.05824664607644081, -0.05675230175256729, -0.05525795370340347, -0.05376360937952995, -0.05226926505565643, -0.050774917006492615, -0.049280572682619095, -0.047786228358745575, -0.04629188030958176, -0.04479753598570824, -0.04330318793654442, -0.0418088436126709, -0.04031449928879738, -0.03882015496492386, -0.03732580691576004, -0.03583146259188652, -0.034337118268013, -0.03284277394413948, -0.03134842589497566, -0.029854081571102142, -0.028359737247228622, -0.026865391060709953, -0.025371044874191284, -0.023876700550317764, -0.022382352501153946, -0.020888006314635277, -0.019393661990761757, -0.017899315804243088, -0.016404971480369568, -0.014910625293850899, -0.01341627910733223, -0.011921933852136135, -0.01042759045958519, -0.008933245204389095, -0.0074388994835317135, -0.005944553762674332, -0.004450208507478237, -0.0029558632522821426, -0.0014615170657634735, 3.2828189432621e-05, 0.0015271715819835663, 0.0030215170700103045, 0.004515862558037043, 0.0060102082788944244, 0.007504553534090519, 0.008998898789286613, 0.010493244975805283, 0.011987590231001377, 0.01348193734884262, 0.014976282604038715, 0.01647062785923481, 0.01796497404575348, 0.019459318369627, 0.020953664556145668, 0.022448010742664337, 0.023942355066537857, 0.025436701253056526, 0.026931047439575195, 0.028425391763448715, 0.029919737949967384, 0.03141408413648605, 0.03290842846035957, 0.03440277278423309, 0.03589712083339691, 0.03739146515727043]}, "gradients/layer2.weight": {"_type": "histogram", "values": [1.0, 0.0, 0.0, 1.0, 0.0, 0.0, 0.0, 0.0, 0.0, 1.0, 0.0, 1.0, 0.0, 1.0, 1.0, 2.0, 5.0, 6.0, 7.0, 6.0, 11.0, 11.0, 17.0, 22.0, 40.0, 45.0, 85.0, 87.0, 142.0, 227.0, 366.0, 480.0, 1066.0, 3143.0, 113617.0, 5541.0, 1318.0, 649.0, 359.0, 225.0, 161.0, 100.0, 71.0, 46.0, 27.0, 26.0, 22.0, 16.0, 10.0, 7.0, 11.0, 5.0, 4.0, 0.0, 2.0, 3.0, 0.0, 0.0, 0.0, 2.0, 2.0, 1.0, 0.0, 1.0], "bins": [-0.36991167068481445, -0.3592311441898346, -0.34855058789253235, -0.3378700613975525, -0.32718950510025024, -0.3165089786052704, -0.3058284521102905, -0.2951478958129883, -0.28446733951568604, -0.2737868130207062, -0.26310625672340393, -0.2524257302284241, -0.24174517393112183, -0.23106464743614197, -0.22038410604000092, -0.20970356464385986, -0.19902303814888, -0.18834249675273895, -0.1776619553565979, -0.16698142886161804, -0.1563008725643158, -0.14562034606933594, -0.13493980467319489, -0.12425926327705383, -0.11357873678207397, -0.10289819538593292, -0.09221765398979187, -0.08153712004423141, -0.07085657864809036, -0.06017603725194931, -0.049495503306388855, -0.0388149619102478, -0.02813437581062317, -0.017453836277127266, -0.006773296743631363, 0.003907240927219391, 0.014587782323360443, 0.025268323719501495, 0.03594885766506195, 0.046629399061203, 0.05730995535850525, 0.0679904967546463, 0.07867103815078735, 0.08935157209634781, 0.10003211349248886, 0.11071265488862991, 0.12139318883419037, 0.13207373023033142, 0.14275425672531128, 0.15343479812145233, 0.16411533951759338, 0.17479586601257324, 0.1854764223098755, 0.19615694880485535, 0.2068374902009964, 0.21751803159713745, 0.2281985729932785, 0.23887911438941956, 0.2495596557855606, 0.26024019718170166, 0.2709207236766815, 0.28160127997398376, 0.2922818064689636, 0.30296236276626587, 0.3136428892612457]}, "gradients/layer1.bias": {"_type": "histogram", "values": [1.0, 0.0, 1.0, 0.0, 0.0, 0.0, 0.0, 2.0, 1.0, 1.0, 2.0, 1.0, 3.0, 3.0, 3.0, 4.0, 6.0, 10.0, 9.0, 8.0, 7.0, 8.0, 10.0, 14.0, 13.0, 20.0, 17.0, 15.0, 12.0, 21.0, 15.0, 25.0, 21.0, 23.0, 18.0, 22.0, 19.0, 26.0, 11.0, 13.0, 12.0, 8.0, 14.0, 11.0, 15.0, 11.0, 7.0, 7.0, 5.0, 10.0, 7.0, 2.0, 3.0, 3.0, 0.0, 1.0, 1.0, 2.0, 0.0, 2.0, 1.0, 1.0, 1.0, 3.0], "bins": [-0.02569354884326458, -0.024912672117352486, -0.02413179539144039, -0.023350918665528297, -0.022570043802261353, -0.02178916707634926, -0.021008290350437164, -0.02022741362452507, -0.019446536898612976, -0.018665660172700882, -0.017884783446788788, -0.017103906720876694, -0.0163230299949646, -0.01554215420037508, -0.01476127840578556, -0.013980401679873466, -0.013199524953961372, -0.012418648228049278, -0.011637771502137184, -0.010856895707547665, -0.01007601898163557, -0.009295142255723476, -0.008514266461133957, -0.007733389735221863, -0.006952513009309769, -0.0061716362833976746, -0.005390760023146868, -0.004609883762896061, -0.003829007036983967, -0.0030481305439025164, -0.002267254050821066, -0.001486377790570259, -0.000705501064658165, 7.537542842328548e-05, 0.000856251921504736, 0.0016371284145861864, 0.002418004907667637, 0.0031988814007490873, 0.003979757893830538, 0.004760634154081345, 0.005541510879993439, 0.006322387605905533, 0.00710326386615634, 0.007884140126407146, 0.00866501685231924, 0.009445893578231335, 0.010226769372820854, 0.011007646098732948, 0.011788522824645042, 0.012569399550557137, 0.01335027627646923, 0.01413115207105875, 0.014912028796970844, 0.015692904591560364, 0.016473781317472458, 0.017254658043384552, 0.018035534769296646, 0.01881641149520874, 0.019597288221120834, 0.02037816494703293, 0.021159041672945023, 0.021939916536211967, 0.02272079326212406, 0.023501669988036156, 0.02428254671394825]}, "gradients/layer1.weight": {"_type": "histogram", "values": [1.0, 3.0, 1.0, 3.0, 10.0, 12.0, 15.0, 14.0, 35.0, 48.0, 66.0, 93.0, 130.0, 238.0, 314.0, 441.0, 721.0, 993.0, 1468.0, 2173.0, 3404.0, 5095.0, 7463.0, 11149.0, 16498.0, 24057.0, 33553.0, 44948.0, 56308.0, 63514.0, 62017.0, 52971.0, 40982.0, 30038.0, 21126.0, 14621.0, 9717.0, 6665.0, 4448.0, 2943.0, 1940.0, 1355.0, 880.0, 593.0, 384.0, 270.0, 198.0, 123.0, 82.0, 42.0, 46.0, 20.0, 14.0, 19.0, 10.0, 7.0, 3.0, 0.0, 4.0, 0.0, 1.0, 0.0, 0.0, 1.0], "bins": [-0.014845718629658222, -0.01434811670333147, -0.013850515708327293, -0.013352913782000542, -0.01285531185567379, -0.012357709929347038, -0.011860108934342861, -0.01136250700801611, -0.010864906013011932, -0.01036730408668518, -0.009869703091681004, -0.009372101165354252, -0.0088744992390275, -0.008376898244023323, -0.007879296317696571, -0.00738169439136982, -0.006884092465043068, -0.0063864910043776035, -0.005888889078050852, -0.005391287617385387, -0.004893685691058636, -0.004396084230393171, -0.003898482769727707, -0.003400881076231599, -0.002903279848396778, -0.00240567815490067, -0.0019080765778198838, -0.0014104750007390976, -0.0009128733072429895, -0.0004152716137468815, 8.232984691858292e-05, 0.000579931540414691, 0.001077534630894661, 0.001575136324390769, 0.002072738017886877, 0.0025703394785523415, 0.0030679411720484495, 0.0035655428655445576, 0.004063144326210022, 0.004560746252536774, 0.005058348178863525, 0.00555594963952899, 0.0060535515658557415, 0.006551153026521206, 0.007048754952847958, 0.007546356413513422, 0.008043957874178886, 0.008541559800505638, 0.009039160795509815, 0.009536762721836567, 0.010034363716840744, 0.010531965643167496, 0.011029567569494247, 0.011527169495821, 0.012024770490825176, 0.012522372417151928, 0.013019973412156105, 0.013517575338482857, 0.014015176333487034, 0.014512778259813786, 0.015010380186140537, 0.015507981181144714, 0.016005583107471466, 0.016503185033798218, 0.01700078696012497]}, "gradients/layer0.bias": {"_type": "histogram",