{"train_loss": 1.6034924983978271, "train_sum_loss": 3857.3080067038536, "train_sum_loss/Batch": 120.54087520949543, "_timestamp": 1679379521.9458604, "_runtime": 299.2743253707886, "_step": 45661, "gradients/fc.bias": {"_type": "histogram", "values": [1.0, 0.0, 0.0, 0.0, 0.0, 0.0, 0.0, 0.0, 0.0, 0.0, 0.0, 0.0, 3.0, 0.0, 1.0, 1.0, 0.0, 0.0, 0.0, 0.0, 0.0, 2.0, 2.0, 2.0, 0.0, 1.0, 1.0, 0.0, 0.0, 1.0, 0.0, 1.0, 1.0, 1.0, 1.0, 1.0, 0.0, 1.0, 2.0, 1.0, 2.0, 0.0, 52.0, 95.0, 31.0, 15.0, 6.0, 10.0, 3.0, 1.0, 3.0, 1.0, 2.0, 0.0, 1.0, 1.0, 0.0, 0.0, 1.0, 0.0, 0.0, 0.0, 1.0, 1.0], "bins": [-0.04285019636154175, -0.04184538125991821, -0.04084056615829468, -0.03983575105667114, -0.03883093222975731, -0.037826117128133774, -0.03682130202651024, -0.035816486924886703, -0.03481167182326317, -0.03380685672163963, -0.0328020416200161, -0.031797222793102264, -0.03079240955412388, -0.029787592589855194, -0.02878277748823166, -0.027777962386608124, -0.02677314542233944, -0.025768330320715904, -0.02476351335644722, -0.023758698254823685, -0.02275388315320015, -0.021749068051576614, -0.02074425108730793, -0.019739435985684395, -0.01873461902141571, -0.017729803919792175, -0.01672498695552349, -0.015720171853899956, -0.01471535675227642, -0.01371054071933031, -0.012705724686384201, -0.011700909584760666, -0.01069609634578228, -0.00969128031283617, -0.008686465211212635, -0.007681649178266525, -0.006676833610981703, -0.00567201804369688, -0.004667202010750771, -0.003662386443465948, -0.0026575718075037003, -0.001652756123803556, -0.0006479404401034117, 0.00035687536001205444, 0.001361690927296877, 0.0023665064945816994, 0.003371322527527809, 0.004376138094812632, 0.005380954593420029, 0.006385770160704851, 0.007390585727989674, 0.008395401760935783, 0.009400216862559319, 0.010405032895505428, 0.011409848928451538, 0.012414664030075073, 0.013419480063021183, 0.014424296095967293, 0.015429111197590828, 0.016433928161859512, 0.017438743263483047, 0.018443558365106583, 0.019448373466730118, 0.020453190430998802, 0.021458005532622337]}, "gradients/fc.weight": {"_type": "histogram", "values": [2.0, 1.0, 1.0, 1.0, 1.0, 3.0, 1.0, 1.0, 3.0, 15.0, 8.0, 11.0, 12.0, 13.0, 15.0, 30.0, 47.0, 48.0, 38.0, 50.0, 57.0, 52.0, 70.0, 75.0, 105.0, 126.0, 139.0, 206.0, 384.0, 568.0, 1805.0, 46877.0, 9810.0, 1480.0, 532.0, 357.0, 177.0, 148.0, 111.0, 111.0, 68.0, 60.0, 38.0, 59.0, 53.0, 43.0, 42.0, 40.0, 20.0, 9.0, 12.0, 12.0, 10.0, 10.0, 16.0, 3.0, 3.0, 3.0, 0.0, 4.0, 0.0, 1.0, 1.0, 2.0], "bins": [-0.04247776046395302, -0.04114631563425064, -0.039814867079257965, -0.03848342224955559, -0.03715197741985321, -0.035820528864860535, -0.03448908403515816, -0.03315763920545578, -0.031826190650463104, -0.030494743958115578, -0.0291632991284132, -0.027831852436065674, -0.026500405743718147, -0.02516895905137062, -0.023837514221668243, -0.022506067529320717, -0.02117462269961834, -0.019843176007270813, -0.018511731177568436, -0.01718028448522091, -0.015848837792873383, -0.01451739203184843, -0.013185946270823479, -0.011854499578475952, -0.010523054748773575, -0.009191608987748623, -0.007860162295401096, -0.006528716534376144, -0.005197270307689905, -0.003865824081003666, -0.002534378319978714, -0.0012029316276311874, 0.0001285150647163391, 0.0014599611749872565, 0.002791407285258174, 0.0041228532791137695, 0.005454299505800009, 0.006785745732486248, 0.0081171914935112, 0.009448638185858727, 0.010780084878206253, 0.012111530639231205, 0.013442977331578732, 0.014774423092603683, 0.01610586978495121, 0.017437316477298737, 0.018768761307001114, 0.02010020799934864, 0.021431652829051018, 0.022763099521398544, 0.02409454435110092, 0.025425991043448448, 0.026757437735795975, 0.028088882565498352, 0.02942032925784588, 0.030751775950193405, 0.03208322077989578, 0.03341466560959816, 0.034746114164590836, 0.03607755899429321, 0.03740900382399559, 0.038740452378988266, 0.04007189720869064, 0.04140334576368332, 0.042734790593385696]}, "gradients/gru.weight_ih_l0": {"_type": "histogram", "values": [6.0, 15.0, 15.0, 4.0, 0.0, 0.0, 0.0, 0.0, 0.0, 4.0, 5.0, 4.0, 3.0, 6.0, 3.0, 6.0, 5.0, 11.0, 15.0, 9.0, 11.0, 12.0, 29.0, 31.0, 11.0, 6.0, 7.0, 9.0, 9.0, 5.0, 17.0, 14.0, 41.0, 17.0, 16.0, 18.0, 26.0, 35.0, 27.0, 56.0, 28.0, 69.0, 81.0, 31.0, 32.0, 44.0, 84.0, 43.0, 120.0, 153.0, 323.0, 2341.0, 182348.0, 1227.0, 645.0, 276.0, 57.0, 139.0, 117.0, 89.0, 97.0, 45.0, 19.0, 12.0], "bins": [-0.29941484332084656, -0.2936936020851135, -0.2879723608493805, -0.2822510898113251, -0.27652984857559204, -0.270808607339859, -0.265087366104126, -0.25936612486839294, -0.2536448836326599, -0.24792364239692688, -0.24220238626003265, -0.23648114502429962, -0.2307598888874054, -0.22503864765167236, -0.21931740641593933, -0.2135961651802063, -0.20787489414215088, -0.20215365290641785, -0.19643239676952362, -0.1907111555337906, -0.18498989939689636, -0.17926865816116333, -0.1735474169254303, -0.16782617568969727, -0.16210491955280304, -0.15638367831707, -0.15066242218017578, -0.14494118094444275, -0.13921993970870972, -0.1334986835718155, -0.12777744233608246, -0.12205619364976883, -0.1163349375128746, -0.11061368882656097, -0.10489244759082794, -0.09917119890451431, -0.09344995021820068, -0.08772870153188705, -0.08200745284557343, -0.0762862116098404, -0.07056496292352676, -0.06484371423721313, -0.059122469276189804, -0.05340122431516647, -0.047679975628852844, -0.041958726942539215, -0.036237481981515884, -0.030516237020492554, -0.024794988334178925, -0.019073741510510445, -0.013352494686841965, -0.007631247863173485, -0.0019100010395050049, 0.003811245784163475, 0.009532492607831955, 0.015253737568855286, 0.020974986255168915, 0.026696233078837395, 0.032417479902505875, 0.038138724863529205, 0.043859973549842834, 0.049581222236156464, 0.055302467197179794, 0.061023712158203125, 0.06674496084451675]}, "gradients/gru.bias_ih_l0": {"_type": "histogram", "values": [1.0, 0.0, 0.0, 0.0, 0.0, 0.0, 0.0, 0.0, 0.0, 0.0, 0.0, 0.0, 1.0, 0.0, 0.0, 0.0, 0.0, 0.0, 0.0, 0.0, 0.0, 0.0, 0.0, 0.0, 0.0, 0.0, 0.0, 0.0, 1.0, 0.0, 0.0, 0.0, 0.0, 0.0, 0.0, 0.0, 0.0, 1.0, 0.0, 0.0, 1.0, 0.0, 1.0, 0.0, 0.0, 0.0, 0.0, 1.0, 0.0, 0.0, 1.0, 2.0, 10.0, 710.0, 23.0, 5.0, 4.0, 1.0, 1.0, 0.0, 1.0, 1.0, 1.0, 1.0], "bins": [-0.509300708770752, -0.49980679154396057, -0.4903128743171692, -0.4808189570903778, -0.4713250398635864, -0.46183115243911743, -0.45233723521232605, -0.44284331798553467, -0.4333494007587433, -0.4238554835319519, -0.4143615663051605, -0.40486764907836914, -0.39537376165390015, -0.38587984442710876, -0.3763859272003174, -0.366892009973526, -0.3573980927467346, -0.34790417551994324, -0.33841025829315186, -0.3289163410663605, -0.3194224238395691, -0.3099285364151001, -0.3004346191883087, -0.29094070196151733, -0.28144678473472595, -0.27195286750793457, -0.2624589502811432, -0.2529650330543518, -0.24347113072872162, -0.23397721350193024, -0.22448331117630005, -0.21498939394950867, -0.20549550652503967, -0.1960015892982483, -0.1865076720714569, -0.17701376974582672, -0.16751985251903534, -0.15802593529224396, -0.14853203296661377, -0.1390381157398224, -0.129544198513031, -0.12005028128623962, -0.11055637151002884, -0.10106246173381805, -0.09156854450702667, -0.08207462728023529, -0.0725807175040245, -0.06308680772781372, -0.05359289050102234, -0.044098976999521255, -0.03460506349802017, -0.02511114999651909, -0.015617236495018005, -0.006123322993516922, 0.0033705905079841614, 0.012864500284194946, 0.022358417510986328, 0.03185233101248741, 0.041346244513988495, 0.05084015801548958, 0.06033407151699066, 0.06982798874378204, 0.07932189851999283, 0.08881580829620361, 0.098309725522995]}, "gradients/gru.bias_ih_l1": {"_type": "histogram",