{"train_loss": 1.9167698621749878, "train_sum_loss": 3991.5212116241455, "train_sum_loss/Batch": 124.73503786325455, "_timestamp": 1679383502.343806, "_runtime": 371.03072690963745, "_step": 67149, "gradients/fc.bias": {"_type": "histogram", "values": [1.0, 0.0, 0.0, 0.0, 0.0, 0.0, 0.0, 0.0, 0.0, 0.0, 0.0, 0.0, 0.0, 0.0, 1.0, 1.0, 2.0, 1.0, 1.0, 2.0, 1.0, 0.0, 0.0, 0.0, 0.0, 1.0, 0.0, 0.0, 3.0, 1.0, 0.0, 0.0, 1.0, 0.0, 1.0, 1.0, 2.0, 0.0, 0.0, 1.0, 2.0, 2.0, 2.0, 1.0, 0.0, 32.0, 87.0, 37.0, 27.0, 12.0, 7.0, 6.0, 4.0, 2.0, 2.0, 1.0, 0.0, 0.0, 1.0, 3.0, 0.0, 0.0, 0.0, 1.0], "bins": [-0.04468284919857979, -0.04370452091097832, -0.042726192623376846, -0.041747864335775375, -0.0407695397734642, -0.03979121148586273, -0.03881288319826126, -0.03783455491065979, -0.03685622662305832, -0.03587789833545685, -0.03489957004785538, -0.033921241760253906, -0.032942913472652435, -0.03196458891034126, -0.030986260622739792, -0.03000793233513832, -0.02902960404753685, -0.02805127575993538, -0.027072947472333908, -0.026094621047377586, -0.025116292759776115, -0.024137964472174644, -0.023159638047218323, -0.022181309759616852, -0.02120298147201538, -0.02022465318441391, -0.01924632489681244, -0.018267998471856117, -0.017289670184254646, -0.016311341896653175, -0.015333014540374279, -0.014354687184095383, -0.013376355171203613, -0.012398026883602142, -0.011419699527323246, -0.01044137217104435, -0.009463043883442879, -0.008484715595841408, -0.0075063882395625114, -0.006528060417622328, -0.005549732595682144, -0.0045714047737419605, -0.003593076951801777, -0.0026147491298615932, -0.0016364213079214096, -0.000658093485981226, 0.00032023433595895767, 0.0012985621578991413, 0.002276889979839325, 0.0032552178017795086, 0.004233545623719692, 0.005211873445659876, 0.0061902012676000595, 0.007168529089540243, 0.008146856911480427, 0.009125184267759323, 0.010103512555360794, 0.011081840842962265, 0.012060168199241161, 0.013038495555520058, 0.014016823843121529, 0.014995152130723, 0.01597347855567932, 0.016951806843280792, 0.017930135130882263]}, "gradients/fc.weight": {"_type": "histogram", "values": [2.0, 1.0, 0.0, 0.0, 1.0, 0.0, 3.0, 1.0, 5.0, 3.0, 1.0, 7.0, 8.0, 16.0, 8.0, 13.0, 14.0, 18.0, 13.0, 15.0, 38.0, 32.0, 45.0, 43.0, 75.0, 95.0, 112.0, 139.0, 132.0, 237.0, 346.0, 623.0, 1711.0, 21541.0, 4139.0, 930.0, 484.0, 254.0, 153.0, 149.0, 122.0, 86.0, 82.0, 60.0, 44.0, 31.0, 30.0, 16.0, 20.0, 21.0, 15.0, 12.0, 14.0, 13.0, 8.0, 7.0, 5.0, 2.0, 0.0, 2.0, 2.0, 0.0, 0.0, 1.0], "bins": [-0.04447023570537567, -0.04315168783068657, -0.04183313995599747, -0.040514592081308365, -0.03919604420661926, -0.03787749633193016, -0.03655894845724106, -0.035240400582551956, -0.033921852707862854, -0.03260330483317375, -0.03128475695848465, -0.029966209083795547, -0.028647661209106445, -0.027329113334417343, -0.02601056545972824, -0.02469201758503914, -0.023373471572995186, -0.022054923698306084, -0.02073637582361698, -0.01941782794892788, -0.018099280074238777, -0.016780732199549675, -0.015462185256183147, -0.014143637381494045, -0.012825090438127518, -0.011506542563438416, -0.010187994688749313, -0.008869446814060211, -0.007550899405032396, -0.006232351530343294, -0.004913804121315479, -0.003595256246626377, -0.0022767074406147003, -0.00095815968234092, 0.0003603880759328604, 0.001678935717791319, 0.002997483592480421, 0.004316031467169523, 0.005634578876197338, 0.00695312675088644, 0.008271675556898117, 0.00959022343158722, 0.010908771306276321, 0.012227319180965424, 0.013545867055654526, 0.014864414930343628, 0.01618296280503273, 0.017501510679721832, 0.018820056691765785, 0.020138604566454887, 0.02145715244114399, 0.022775700315833092, 0.024094248190522194, 0.025412796065211296, 0.02673134207725525, 0.02804988995194435, 0.029368437826633453, 0.030686985701322556, 0.03200553357601166, 0.03332408145070076, 0.03464262932538986, 0.035961177200078964, 0.037279725074768066, 0.03859827294945717, 0.03991682082414627]}, "gradients/gru.weight_ih_l0": {"_type": "histogram", "values": [1.0, 0.0, 1.0, 0.0, 0.0, 3.0, 2.0, 2.0, 4.0, 7.0, 3.0, 7.0, 4.0, 4.0, 1.0, 3.0, 0.0, 0.0, 13.0, 23.0, 4.0, 0.0, 0.0, 0.0, 0.0, 3.0, 12.0, 6.0, 8.0, 11.0, 0.0, 0.0, 2.0, 2.0, 2.0, 45.0, 29.0, 53.0, 26.0, 49.0, 36.0, 90.0, 228.0, 252.0, 851.0, 3677.0, 181744.0, 1000.0, 161.0, 75.0, 32.0, 79.0, 40.0, 40.0, 111.0, 68.0, 28.0, 14.0, 19.0, 20.0, 20.0, 10.0, 1.0, 2.0], "bins": [-0.3207816183567047, -0.3138420879840851, -0.30690258741378784, -0.2999630570411682, -0.29302355647087097, -0.28608402609825134, -0.2791445255279541, -0.2722049951553345, -0.26526546478271484, -0.2583259344100952, -0.251386433839798, -0.24444691836833954, -0.2375074028968811, -0.23056787252426147, -0.22362835705280304, -0.2166888415813446, -0.20974934101104736, -0.20280982553958893, -0.1958703100681305, -0.18893079459667206, -0.18199127912521362, -0.175051748752594, -0.16811223328113556, -0.16117271780967712, -0.1542332023382187, -0.14729368686676025, -0.14035417139530182, -0.13341465592384338, -0.12647512555122375, -0.11953561753034592, -0.11259609460830688, -0.10565657913684845, -0.09871707856655121, -0.09177756309509277, -0.08483804762363434, -0.0778985247015953, -0.07095900923013687, -0.06401949375867844, -0.0570799745619297, -0.05014045536518097, -0.043200939893722534, -0.0362614244222641, -0.029321905225515366, -0.02238238789141178, -0.015442870557308197, -0.008503355085849762, -0.0015638358891010284, 0.005375683307647705, 0.01231519877910614, 0.019254716113209724, 0.02619423344731331, 0.03313375264406204, 0.04007326811552048, 0.04701278358697891, 0.053952302783727646, 0.06089182198047638, 0.06783133745193481, 0.07477085292339325, 0.08171036839485168, 0.08864989131689072, 0.09558940678834915, 0.10252892225980759, 0.10946844518184662, 0.11640796065330505, 0.12334747612476349]}, "gradients/gru.bias_ih_l0": {"_type": "histogram", "values": [1.0, 0.0, 0.0, 0.0, 0.0, 0.0, 0.0, 0.0, 0.0, 0.0, 0.0, 0.0, 0.0, 0.0, 0.0, 0.0, 0.0, 0.0, 0.0, 0.0, 0.0, 0.0, 0.0, 0.0, 0.0, 1.0, 0.0, 0.0, 0.0, 0.0, 0.0, 0.0, 0.0, 0.0, 0.0, 0.0, 2.0, 0.0, 1.0, 2.0, 3.0, 8.0, 27.0, 321.0, 11.0, 4.0, 0.0, 0.0, 0.0, 0.0, 0.0, 0.0, 0.0, 0.0, 0.0, 0.0, 1.0, 1.0, 0.0, 0.0, 0.0, 0.0, 0.0, 1.0], "bins": [-0.3607720136642456, -0.3524194359779358, -0.34406688809394836, -0.33571431040763855, -0.3273617625236511, -0.3190091848373413, -0.3106566071510315, -0.30230405926704407, -0.29395148158073425, -0.28559890389442444, -0.277246356010437, -0.2688937783241272, -0.2605412006378174, -0.25218865275382996, -0.24383607506752014, -0.23548351228237152, -0.2271309494972229, -0.21877838671207428, -0.21042582392692566, -0.20207324624061584, -0.19372068345546722, -0.1853681206703186, -0.1770155429840088, -0.16866298019886017, -0.16031041741371155, -0.15195785462856293, -0.1436052918434143, -0.1352527141571045, -0.12690015137195587, -0.11854758858680725, -0.11019501835107803, -0.10184244811534882, -0.09348991513252258, -0.08513735234737396, -0.07678478211164474, -0.06843221187591553, -0.06007964909076691, -0.05172708258032799, -0.04337451606988907, -0.03502194955945015, -0.02666938304901123, -0.01831681653857231, -0.009964250028133392, -0.0016116835176944733, 0.006740882992744446, 0.015093449503183365, 0.023446016013622284, 0.0317985825240612, 0.04015114903450012, 0.04850371554493904, 0.05685628205537796, 0.06520885229110718, 0.0735614150762558, 0.08191397786140442, 0.09026654809713364, 0.09861911833286285, 0.10697168111801147, 0.1153242439031601, 0.12367681413888931, 0.13202938437461853, 0.14038194715976715, 0.14873450994491577, 0.15708708763122559, 0.1654396504163742, 0.17379221320152283]}, "gradients/gru.bias_ih_l1": {"_type": "histogram", "values": [2.0, 1.0, 1.0, 0.0, 0.0, 1.0, 1.0, 1.0, 0.0, 3.0, 1.0, 3.0, 1.0, 1.0, 2.0, 4.0, 4.0, 6.0, 5.0, 7.0, 8.0, 10.0, 19.0, 46.0, 57.0, 61.0, 48.0, 30.0, 13.0, 9.0, 7.0, 6.0, 2.0, 7.0, 2.0, 4.0, 2.0, 0.0, 2.0, 0.0, 4.0, 1.0, 0.0, 0.0, 0.0, 0.0, 0.0, 0.0, 0.0, 0.0, 0.0, 0.0, 0.0, 0.0, 0.0, 0.0, 0.0, 0.0, 0.0, 1.0, 0.0, 0.0, 0.0, 1.0],