{"train_loss": 1.850784182548523, "train_sum_loss": 5178.432694137096, "train_sum_loss/Batch": 161.82602169178426, "_timestamp": 1678698468.4652724, "_runtime": 180.81038451194763, "_step": 42975, "gradients/layer2.bias": {"_type": "histogram", "values": [3.0, 1.0, 3.0, 1.0, 1.0, 0.0, 1.0, 0.0, 0.0, 1.0, 2.0, 2.0, 1.0, 0.0, 1.0, 1.0, 0.0, 2.0, 0.0, 0.0, 0.0, 1.0, 0.0, 2.0, 1.0, 1.0, 2.0, 0.0, 0.0, 0.0, 0.0, 0.0, 1.0, 0.0, 1.0, 0.0, 0.0, 0.0, 0.0, 51.0, 48.0, 41.0, 27.0, 15.0, 4.0, 7.0, 5.0, 3.0, 3.0, 4.0, 0.0, 2.0, 2.0, 1.0, 1.0, 1.0, 3.0, 1.0, 0.0, 0.0, 0.0, 0.0, 1.0, 1.0], "bins": [-0.029879244044423103, -0.029117027297616005, -0.028354808688163757, -0.02759259194135666, -0.02683037519454956, -0.026068158447742462, -0.025305941700935364, -0.024543723091483116, -0.023781506344676018, -0.02301928959786892, -0.022257070988416672, -0.021494854241609573, -0.020732637494802475, -0.019970420747995377, -0.019208204001188278, -0.01844598539173603, -0.017683768644928932, -0.016921551898121834, -0.016159333288669586, -0.015397116541862488, -0.01463489979505539, -0.013872683048248291, -0.013110465370118618, -0.012348247691988945, -0.011586030945181847, -0.010823814198374748, -0.010061596520245075, -0.009299378842115402, -0.008537162095308304, -0.007774944882839918, -0.0070127276703715324, -0.006250510457903147, -0.00548829510807991, -0.004726077895611525, -0.003963860683143139, -0.003201643470674753, -0.0024394262582063675, -0.0016772090457379818, -0.0009149918332695961, -0.0001527746208012104, 0.0006094425916671753, 0.001371659804135561, 0.0021338770166039467, 0.0028960942290723324, 0.003658311441540718, 0.004420528654009104, 0.0051827458664774895, 0.005944963078945875, 0.006707180291414261, 0.0074693975038826466, 0.008231614716351032, 0.008993832394480705, 0.009756049141287804, 0.010518265888094902, 0.011280483566224575, 0.012042701244354248, 0.012804917991161346, 0.013567134737968445, 0.014329352416098118, 0.01509157009422779, 0.01585378684103489, 0.016616003587841988, 0.017378222197294235, 0.018140438944101334, 0.018902655690908432]}, "gradients/layer2.weight": {"_type": "histogram", "values": [1.0, 0.0, 0.0, 0.0, 0.0, 0.0, 2.0, 3.0, 0.0, 1.0, 2.0, 2.0, 2.0, 4.0, 5.0, 4.0, 7.0, 9.0, 16.0, 12.0, 27.0, 37.0, 41.0, 76.0, 129.0, 259.0, 1060.0, 15857.0, 108364.0, 1317.0, 358.0, 136.0, 64.0, 67.0, 27.0, 19.0, 18.0, 13.0, 10.0, 5.0, 7.0, 11.0, 4.0, 9.0, 4.0, 4.0, 1.0, 2.0, 0.0, 1.0, 0.0, 0.0, 0.0, 2.0, 0.0, 0.0, 0.0, 0.0, 0.0, 0.0, 0.0, 0.0, 0.0, 1.0], "bins": [-0.38103774189949036, -0.36746588349342346, -0.35389402508735657, -0.3403221368789673, -0.3267502784729004, -0.3131784200668335, -0.2996065616607666, -0.2860347032546997, -0.2724628448486328, -0.2588909864425659, -0.24531911313533783, -0.23174725472927094, -0.21817538142204285, -0.20460352301597595, -0.19103166460990906, -0.17745980620384216, -0.16388791799545288, -0.150316059589386, -0.1367441862821579, -0.123172327876091, -0.10960046201944351, -0.09602859616279602, -0.08245673775672913, -0.06888487190008163, -0.05531302094459534, -0.041741155087947845, -0.028169292956590652, -0.01459743082523346, -0.001025564968585968, 0.012546300888061523, 0.026118159294128418, 0.03969002515077591, 0.05326187610626221, 0.0668337419629097, 0.08040560781955719, 0.09397746622562408, 0.10754933208227158, 0.12112119793891907, 0.13469305634498596, 0.14826491475105286, 0.16183680295944214, 0.17540866136550903, 0.18898053467273712, 0.20255239307880402, 0.2161242663860321, 0.229696124792099, 0.2432679831981659, 0.2568398416042328, 0.2704117000102997, 0.2839835584163666, 0.29755541682243347, 0.31112730503082275, 0.32469916343688965, 0.33827102184295654, 0.35184288024902344, 0.36541473865509033, 0.3789865970611572, 0.3925584554672241, 0.406130313873291, 0.4197021722793579, 0.4332740604877472, 0.4468459188938141, 0.460417777299881, 0.4739896357059479, 0.48756152391433716]}, "gradients/layer1.bias": {"_type": "histogram", "values": [1.0, 0.0, 0.0, 0.0, 0.0, 0.0, 0.0, 1.0, 0.0, 0.0, 2.0, 1.0, 0.0, 0.0, 2.0, 2.0, 2.0, 1.0, 2.0, 3.0, 3.0, 1.0, 2.0, 5.0, 6.0, 10.0, 14.0, 23.0, 24.0, 25.0, 36.0, 29.0, 35.0, 37.0, 46.0, 32.0, 31.0, 33.0, 24.0, 16.0, 17.0, 9.0, 6.0, 6.0, 7.0, 1.0, 2.0, 2.0, 2.0, 1.0, 0.0, 1.0, 3.0, 0.0, 0.0, 0.0, 1.0, 1.0, 0.0, 1.0, 1.0, 0.0, 1.0, 1.0], "bins": [-0.02126493863761425, -0.020634613931179047, -0.020004289224743843, -0.01937396265566349, -0.018743637949228287, -0.018113313242793083, -0.01748298853635788, -0.016852663829922676, -0.016222339123487473, -0.015592014417052269, -0.01496168877929449, -0.014331364072859287, -0.013701038435101509, -0.013070713728666306, -0.012440389022231102, -0.011810064315795898, -0.011179737746715546, -0.010549413040280342, -0.009919087402522564, -0.00928876269608736, -0.008658437058329582, -0.008028112351894379, -0.007397787645459175, -0.006767462473362684, -0.006137137301266193, -0.0055068121291697025, -0.004876486957073212, -0.004246162250638008, -0.0036158370785415173, -0.0029855119064450264, -0.002355186967179179, -0.001724862027913332, -0.001094534993171692, -0.00046420993749052286, 0.00016611511819064617, 0.0007964401738718152, 0.0014267652295529842, 0.002057090401649475, 0.0026874153409153223, 0.0033177402801811695, 0.00394806545227766, 0.004578390624374151, 0.005208715796470642, 0.005839040502905846, 0.0064693656750023365, 0.007099690847098827, 0.007730015553534031, 0.008360341191291809, 0.008990665897727013, 0.009620990604162216, 0.010251316241919994, 0.010881640948355198, 0.011511966586112976, 0.01214229129254818, 0.012772615998983383, 0.013402940705418587, 0.014033266343176365, 0.014663591049611568, 0.015293916687369347, 0.01592424139380455, 0.016554566100239754, 0.017184890806674957, 0.01781521737575531, 0.018445542082190514, 0.019075866788625717]}, "gradients/layer1.weight": {"_type": "histogram", "values": [2.0, 0.0, 1.0, 4.0, 4.0, 1.0, 4.0, 9.0, 8.0, 16.0, 20.0, 26.0, 34.0, 56.0, 63.0, 96.0, 119.0, 170.0, 204.0, 310.0, 439.0, 607.0, 840.0, 1155.0, 1712.0, 2646.0, 4687.0, 9060.0, 19523.0, 43816.0, 87401.0, 126114.0, 107833.0, 60508.0, 27939.0, 12485.0, 6003.0, 3315.0, 2138.0, 1333.0, 969.0, 730.0, 521.0, 374.0, 281.0, 199.0, 139.0, 105.0, 74.0, 61.0, 35.0, 18.0, 23.0, 20.0, 6.0, 13.0, 3.0, 3.0, 4.0, 4.0, 1.0, 2.0, 1.0, 1.0], "bins": [-0.017096323892474174, -0.01655731350183487, -0.016018303111195564, -0.01547929272055626, -0.01494028139859438, -0.014401271007955074, -0.01386226061731577, -0.013323250226676464, -0.012784238904714584, -0.01224522851407528, -0.011706218123435974, -0.011167207732796669, -0.01062819641083479, -0.010089186020195484, -0.009550175629556179, -0.009011165238916874, -0.008472154848277569, -0.007933144457638264, -0.007394133601337671, -0.006855123210698366, -0.006316112354397774, -0.005777101963758469, -0.0052380915731191635, -0.004699081182479858, -0.004160070791840553, -0.0036210601683706045, -0.0030820495449006557, -0.0025430391542613506, -0.002004028530791402, -0.001465017907321453, -0.000926007516682148, -0.0003869968932121992, 0.00015201419591903687, 0.0006910247611813247, 0.0012300353264436126, 0.0017690458334982395, 0.0023080564569681883, 0.002847067080438137, 0.003386077471077442, 0.003925087861716747, 0.004464099183678627, 0.005003109574317932, 0.0055421204306185246, 0.00608113082125783, 0.006620141677558422, 0.007159152068197727, 0.007698162458837032, 0.008237172849476337, 0.008776183240115643, 0.009315193630754948, 0.009854204021394253, 0.010393215343356133, 0.010932225733995438, 0.011471236124634743, 0.012010246515274048, 0.012549256905913353, 0.013088267296552658, 0.013627277687191963, 0.014166288077831268, 0.014705298468470573, 0.015244309790432453, 0.015783321112394333, 0.01632232964038849, 0.016861341893672943, 0.017400352284312248]}, "gradients/layer0.bias": {"_type": "histogram",