{"train_loss": 5.486147403717041, "train_sum_loss": 2867.5971550941467, "train_sum_loss/Batch": 89.61241109669209, "_timestamp": 1679378502.8128245, "_runtime": 134.45431447029114, "_step": 16658, "gradients/fc.bias": {"_type": "histogram", "values": [1.0, 0.0, 0.0, 0.0, 0.0, 0.0, 0.0, 0.0, 0.0, 0.0, 0.0, 0.0, 0.0, 0.0, 0.0, 0.0, 0.0, 0.0, 0.0, 0.0, 0.0, 0.0, 0.0, 0.0, 0.0, 0.0, 0.0, 0.0, 12.0, 10.0, 5.0, 2.0, 0.0, 1.0, 0.0, 0.0, 0.0, 0.0, 0.0, 0.0, 0.0, 0.0, 0.0, 0.0, 0.0, 0.0, 0.0, 0.0, 0.0, 0.0, 0.0, 0.0, 0.0, 0.0, 0.0, 1.0, 31.0, 85.0, 51.0, 31.0, 11.0, 4.0, 3.0, 2.0], "bins": [-0.05997999384999275, -0.05888035148382187, -0.057780709117650986, -0.0566810704767704, -0.05558142811059952, -0.054481785744428635, -0.05338214337825775, -0.05228250101208687, -0.051182858645915985, -0.0500832162797451, -0.04898357391357422, -0.047883935272693634, -0.04678429290652275, -0.04568465054035187, -0.044585008174180984, -0.0434853658080101, -0.04238572716712952, -0.04128608480095863, -0.04018644243478775, -0.039086803793907166, -0.03798716142773628, -0.0368875190615654, -0.035787876695394516, -0.03468823432922363, -0.03358859568834305, -0.032488953322172165, -0.03138931095600128, -0.030289670452475548, -0.029190029948949814, -0.02809038758277893, -0.026990745216608047, -0.025891102850437164, -0.02479146234691143, -0.023691819980740547, -0.022592179477214813, -0.02149253711104393, -0.020392894744873047, -0.019293254241347313, -0.01819361187517643, -0.017093971371650696, -0.015994329005479813, -0.014894687570631504, -0.013795046135783195, -0.012695403769612312, -0.011595762334764004, -0.010496120899915695, -0.009396478533744812, -0.008296837098896503, -0.007197195664048195, -0.006097554229199886, -0.0049979123286902905, -0.0038982706610113382, -0.002798628993332386, -0.0016989875584840775, -0.0005993456579744816, 0.0005002962425351143, 0.0015999376773834229, 0.002699579345062375, 0.0037992210127413273, 0.004898862913250923, 0.005998504348099232, 0.00709814578294754, 0.008197788149118423, 0.009297429583966732, 0.01039707101881504]}, "gradients/fc.weight": {"_type": "histogram", "values": [75.0, 1.0, 0.0, 0.0, 0.0, 0.0, 0.0, 0.0, 1.0, 0.0, 0.0, 1.0, 0.0, 0.0, 0.0, 1.0, 110.0, 1423.0, 674.0, 75.0, 5.0, 6.0, 9.0, 9.0, 6.0, 6.0, 202.0, 499.0, 1296.0, 6776.0, 12724.0, 2361.0, 81794.0, 8007.0, 6730.0, 1422.0, 455.0, 154.0, 7.0, 3.0, 9.0, 4.0, 4.0, 9.0, 101.0, 601.0, 1697.0, 632.0, 7.0, 1.0, 0.0, 0.0, 1.0, 0.0, 0.0, 0.0, 0.0, 0.0, 0.0, 0.0, 0.0, 1.0, 0.0, 101.0], "bins": [-0.061539191752672195, -0.05962371081113815, -0.05770822614431381, -0.05579274520277977, -0.05387726053595543, -0.05196177959442139, -0.050046294927597046, -0.048130813986063004, -0.04621533304452896, -0.04429985210299492, -0.04238436743617058, -0.040468886494636536, -0.038553401827812195, -0.03663792088627815, -0.03472243994474411, -0.03280695527791977, -0.030891472473740578, -0.028975989669561386, -0.027060506865382195, -0.025145024061203003, -0.02322954311966896, -0.02131406031548977, -0.019398577511310577, -0.017483096569776535, -0.015567611902952194, -0.013652129098773003, -0.011736647225916386, -0.009821164421737194, -0.007905682548880577, -0.0059901997447013855, -0.004074716940522194, -0.002159235067665577, -0.00024375319480895996, 0.0016717292601242661, 0.0035872117150574923, 0.00550269428640604, 0.0074181766249239445, 0.009333658963441849, 0.01124914176762104, 0.013164623640477657, 0.015080105513334274, 0.016995588317513466, 0.018911071121692657, 0.0208265520632267, 0.02274203486740589, 0.024657517671585083, 0.026573000475764275, 0.028488483279943466, 0.030403966084122658, 0.03231944888830185, 0.03423492982983589, 0.03615041449666023, 0.038065895438194275, 0.039981380105018616, 0.04189686104655266, 0.0438123419880867, 0.04572782665491104, 0.047643307596445084, 0.049558792263269424, 0.05147427320480347, 0.05338975787162781, 0.05530523881316185, 0.05722071975469589, 0.05913620442152023, 0.061051685363054276]}, "gradients/gru.weight_ih_l0": {"_type": "histogram", "values": [1.0, 1.0, 0.0, 5.0, 4.0, 5.0, 11.0, 33.0, 47.0, 32.0, 56.0, 22.0, 29.0, 53.0, 36.0, 48.0, 189.0, 90.0, 169.0, 136.0, 309.0, 202.0, 557.0, 1133.0, 3352.0, 351834.0, 15448.0, 1295.0, 574.0, 352.0, 193.0, 340.0, 63.0, 76.0, 200.0, 127.0, 78.0, 112.0, 90.0, 77.0, 26.0, 16.0, 18.0, 16.0, 31.0, 60.0, 40.0, 90.0, 40.0, 24.0, 22.0, 41.0, 23.0, 6.0, 4.0, 7.0, 5.0, 2.0, 4.0, 0.0, 0.0, 0.0, 1.0, 1.0], "bins": [-0.010117905214428902, -0.009726401418447495, -0.009334896691143513, -0.008943392895162106, -0.008551888167858124, -0.008160384371876717, -0.007768880110234022, -0.007377375848591328, -0.006985871586948633, -0.006594367325305939, -0.006202863063663244, -0.00581135880202055, -0.005419855006039143, -0.005028350278735161, -0.004636846482753754, -0.004245342221111059, -0.0038538379594683647, -0.0034623336978256702, -0.0030708294361829758, -0.002679325407370925, -0.0022878211457282305, -0.001896316884085536, -0.0015048128552734852, -0.0011133085936307907, -0.0007218047976493835, -0.00033030059421435, 6.120360922068357e-05, 0.0004527077544480562, 0.0008442120160907507, 0.0012357162777334452, 0.001627220306545496, 0.0020187245681881905, 0.002410230226814747, 0.0028017344884574413, 0.003193238750100136, 0.0035847427789121866, 0.003976247273385525, 0.004367751069366932, 0.004759255331009626, 0.005150759592652321, 0.005542264319956303, 0.005933768581598997, 0.006325272843241692, 0.006716776639223099, 0.0071082813665270805, 0.007499785162508488, 0.00789128988981247, 0.008282793685793877, 0.008674297481775284, 0.009065801277756691, 0.009457306005060673, 0.00984880980104208, 0.010240314528346062, 0.010631818324327469, 0.011023322120308876, 0.011414826847612858, 0.01180633157491684, 0.012197835370898247, 0.012589340098202229, 0.012980843894183636, 0.013372348621487617, 0.013763852417469025, 0.014155356213450432, 0.014546860940754414, 0.01493836473673582]}, "gradients/gru.bias_ih_l0": {"_type": "histogram", "values": [1.0, 0.0, 0.0, 1.0, 0.0, 0.0, 0.0, 1.0, 0.0, 0.0, 0.0, 1.0, 2.0, 0.0, 0.0, 2.0, 0.0, 3.0, 1.0, 0.0, 3.0, 4.0, 6.0, 6.0, 26.0, 295.0, 1134.0, 21.0, 5.0, 4.0, 2.0, 2.0, 1.0, 0.0, 3.0, 1.0, 0.0, 0.0, 1.0, 3.0, 0.0, 0.0, 0.0, 2.0, 0.0, 1.0, 0.0, 0.0, 0.0, 0.0, 0.0, 0.0, 0.0, 1.0, 0.0, 0.0, 1.0, 1.0, 0.0, 0.0, 0.0, 0.0, 0.0, 1.0], "bins": [-0.0135963698849082, -0.013074333779513836, -0.012552298605442047, -0.012030262500047684, -0.01150822639465332, -0.010986190289258957, -0.010464155115187168, -0.009942119009792805, -0.009420083835721016, -0.008898047730326653, -0.008376012556254864, -0.0078539764508605, -0.007331940345466137, -0.006809904705733061, -0.006287869065999985, -0.005765832960605621, -0.005243796855211258, -0.004721761215478182, -0.0041997251100838184, -0.0036776894703507423, -0.0031556535977870226, -0.002633617725223303, -0.0021115820854902267, -0.001589546212926507, -0.0010675108060240746, -0.0005454749916680157, -2.3439177311956882e-05, 0.000498596578836441, 0.0010206324514001608, 0.0015426683239638805, 0.0020647039636969566, 0.0025867398362606764, 0.003108775243163109, 0.0036308111157268286, 0.004152846988290548, 0.004674882628023624, 0.005196918733417988, 0.005718954373151064, 0.00624099001288414, 0.006763026118278503, 0.007285062223672867, 0.007807097863405943, 0.008329133503139019, 0.008851169608533382, 0.009373205713927746, 0.009895240887999535, 0.010417276993393898, 0.010939313098788261, 0.01146134827286005, 0.011983384378254414, 0.012505419552326202, 0.013027455657720566, 0.01354949176311493, 0.014071527868509293, 0.014593563042581081, 0.015115599147975445, 0.015637634322047234, 0.016159670427441597, 0.01668170653283596, 0.017203740775585175, 0.017725776880979538, 0.0182478129863739, 0.018769849091768265, 0.019291885197162628, 0.01981392130255699]}, "gradients/gru.bias_ih_l1": {"_type": "histogram",