{"train_loss": 2.697643995285034, "train_sum_loss": 151.52927434444427, "train_sum_loss/Batch": 2.367644911631942, "_timestamp": 1678444064.153696, "_runtime": 573.20037317276, "_step": 20216, "gradients/layer2.bias": {"_type": "histogram", "values": [1.0, 0.0, 1.0, 1.0, 0.0, 0.0, 0.0, 0.0, 0.0, 0.0, 0.0, 0.0, 0.0, 0.0, 0.0, 0.0, 0.0, 0.0, 0.0, 0.0, 0.0, 4.0, 4.0, 9.0, 3.0, 5.0, 2.0, 4.0, 1.0, 0.0, 2.0, 3.0, 2.0, 1.0, 2.0, 2.0, 1.0, 1.0, 0.0, 4.0, 0.0, 3.0, 0.0, 30.0, 30.0, 39.0, 23.0, 11.0, 11.0, 7.0, 8.0, 8.0, 4.0, 3.0, 5.0, 3.0, 4.0, 0.0, 3.0, 1.0, 2.0, 1.0, 0.0, 1.0], "bins": [-0.03022994101047516, -0.029527045786380768, -0.028824150562286377, -0.028121255338191986, -0.027418360114097595, -0.026715466752648354, -0.026012571528553963, -0.025309676304459572, -0.02460678108036518, -0.02390388585627079, -0.0232009906321764, -0.02249809540808201, -0.021795202046632767, -0.021092306822538376, -0.020389411598443985, -0.019686516374349594, -0.018983621150255203, -0.018280725926160812, -0.01757783070206642, -0.01687493547797203, -0.01617204025387764, -0.015469145961105824, -0.014766251668334007, -0.014063356444239616, -0.013360461220145226, -0.012657565996050835, -0.011954670771956444, -0.011251776479184628, -0.010548881255090237, -0.009845986030995846, -0.00914309173822403, -0.008440196514129639, -0.007737303152680397, -0.007034407928586006, -0.006331513170152903, -0.005628618411719799, -0.004925723187625408, -0.004222827963531017, -0.0035199332050979137, -0.00281703844666481, -0.0021141432225704193, -0.001411248231306672, -0.0007083532400429249, -5.458248779177666e-06, 0.0006974367424845695, 0.0014003317337483168, 0.002103226725012064, 0.0028061214834451675, 0.0035090167075395584, 0.004211911931633949, 0.004914806690067053, 0.005617701448500156, 0.006320596672594547, 0.007023491896688938, 0.007726386655122042, 0.008429281413555145, 0.009132176637649536, 0.009835071861743927, 0.010537967085838318, 0.011240861378610134, 0.011943756602704525, 0.012646651826798916, 0.013349546119570732, 0.014052441343665123, 0.014755336567759514]}, "gradients/layer2.weight": {"_type": "histogram", "values": [2.0, 2.0, 2.0, 0.0, 1.0, 4.0, 4.0, 5.0, 5.0, 11.0, 14.0, 13.0, 27.0, 44.0, 57.0, 104.0, 140.0, 179.0, 285.0, 428.0, 640.0, 999.0, 1484.0, 2371.0, 4110.0, 8840.0, 53117.0, 36709.0, 7851.0, 3887.0, 2225.0, 1531.0, 932.0, 637.0, 432.0, 281.0, 205.0, 135.0, 90.0, 78.0, 40.0, 25.0, 12.0, 13.0, 10.0, 4.0, 4.0, 1.0, 1.0, 3.0, 2.0, 1.0, 0.0, 1.0, 0.0, 0.0, 0.0, 1.0, 0.0, 0.0, 0.0, 0.0, 0.0, 1.0], "bins": [-0.0619315505027771, -0.05963360518217087, -0.057335663586854935, -0.055037721991539, -0.05273977667093277, -0.05044183135032654, -0.048143889755010605, -0.04584594815969467, -0.04354800283908844, -0.04125005751848221, -0.038952115923166275, -0.03665417432785034, -0.03435622900724411, -0.03205828368663788, -0.029760342091321945, -0.027462398633360863, -0.02516445517539978, -0.022866511717438698, -0.020568568259477615, -0.018270624801516533, -0.01597268134355545, -0.013674737885594368, -0.011376794427633286, -0.009078850969672203, -0.006780907511711121, -0.004482964053750038, -0.0021850205957889557, 0.00011292286217212677, 0.0024108663201332092, 0.004708809778094292, 0.007006753236055374, 0.009304696694016457, 0.011602647602558136, 0.013900591060519218, 0.0161985345184803, 0.018496477976441383, 0.020794421434402466, 0.02309236489236355, 0.02539030835032463, 0.027688251808285713, 0.029986195266246796, 0.03228414058685303, 0.03458208218216896, 0.036880023777484894, 0.039177969098091125, 0.04147591441869736, 0.04377385601401329, 0.046071797609329224, 0.048369742929935455, 0.05066768825054169, 0.05296562984585762, 0.05526357144117355, 0.057561516761779785, 0.05985946208238602, 0.06215740367770195, 0.06445534527301788, 0.06675329059362411, 0.06905123591423035, 0.07134917378425598, 0.07364711910486221, 0.07594506442546844, 0.07824300974607468, 0.08054095506668091, 0.08283889293670654, 0.08513683825731277]}, "gradients/layer1.bias": {"_type": "histogram", "values": [1.0, 0.0, 0.0, 0.0, 1.0, 1.0, 1.0, 2.0, 0.0, 0.0, 2.0, 2.0, 3.0, 3.0, 4.0, 5.0, 1.0, 5.0, 7.0, 2.0, 3.0, 12.0, 7.0, 8.0, 6.0, 13.0, 23.0, 15.0, 26.0, 22.0, 16.0, 18.0, 17.0, 14.0, 16.0, 15.0, 25.0, 24.0, 14.0, 21.0, 15.0, 24.0, 10.0, 16.0, 9.0, 14.0, 8.0, 6.0, 4.0, 8.0, 9.0, 7.0, 2.0, 4.0, 3.0, 7.0, 1.0, 4.0, 2.0, 1.0, 1.0, 1.0, 0.0, 1.0], "bins": [-0.02849861979484558, -0.02767929807305336, -0.02685997448861599, -0.02604065276682377, -0.0252213291823864, -0.024402007460594177, -0.023582683876156807, -0.022763362154364586, -0.021944038569927216, -0.021124716848134995, -0.020305393263697624, -0.019486071541905403, -0.018666747957468033, -0.017847426235675812, -0.01702810265123844, -0.01620878092944622, -0.015389458276331425, -0.014570135623216629, -0.013750812970101833, -0.012931490316987038, -0.012112167663872242, -0.011292845010757446, -0.010473523288965225, -0.009654199704527855, -0.008834877982735634, -0.008015555329620838, -0.0071962326765060425, -0.006376910023391247, -0.005557587370276451, -0.004738265182822943, -0.003918942529708147, -0.0030996198765933514, -0.0022802967578172684, -0.0014609741047024727, -0.0006416515680029988, 0.00017767096869647503, 0.0009969936218112707, 0.0018163160420954227, 0.0026356386952102184, 0.003454961348325014, 0.004274284467101097, 0.005093607120215893, 0.0059129297733306885, 0.006732252426445484, 0.00755157507956028, 0.008370896801352501, 0.009190220385789871, 0.010009542107582092, 0.010828864760696888, 0.011648187413811684, 0.01246751006692648, 0.013286832720041275, 0.01410615537315607, 0.014925478026270866, 0.015744799748063087, 0.016564123332500458, 0.01738344505429268, 0.0182027667760849, 0.01902209036052227, 0.01984141208231449, 0.02066073566675186, 0.021480057388544083, 0.022299380972981453, 0.023118702694773674, 0.023938026279211044]}, "gradients/layer1.weight": {"_type": "histogram", "values": [1.0, 0.0, 1.0, 0.0, 0.0, 1.0, 1.0, 2.0, 0.0, 0.0, 1.0, 1.0, 5.0, 2.0, 3.0, 10.0, 13.0, 16.0, 33.0, 31.0, 53.0, 84.0, 117.0, 154.0, 245.0, 405.0, 656.0, 1064.0, 1708.0, 2790.0, 4887.0, 8340.0, 14544.0, 24980.0, 43424.0, 67562.0, 88988.0, 90005.0, 68829.0, 43854.0, 25501.0, 14720.0, 8545.0, 5011.0, 2925.0, 1781.0, 1094.0, 702.0, 434.0, 271.0, 177.0, 107.0, 67.0, 41.0, 27.0, 22.0, 10.0, 14.0, 8.0, 7.0, 7.0, 2.0, 1.0, 4.0], "bins": [-0.032413896173238754, -0.03153834864497185, -0.030662797391414642, -0.029787249863147736, -0.02891170047223568, -0.028036151081323624, -0.027160603553056717, -0.02628505416214466, -0.025409504771232605, -0.02453395538032055, -0.023658405989408493, -0.022782858461141586, -0.02190730907022953, -0.021031759679317474, -0.020156212151050568, -0.01928066276013851, -0.018405113369226456, -0.0175295639783144, -0.016654014587402344, -0.015778467059135437, -0.014902917668223381, -0.014027368277311325, -0.013151819817721844, -0.012276271358132362, -0.011400721967220306, -0.01052517257630825, -0.009649624116718769, -0.008774075657129288, -0.007898526266217232, -0.007022977340966463, -0.006147428415715694, -0.005271879490464926, -0.004396328702569008, -0.003520779777318239, -0.0026452308520674706, -0.0017696819268167019, -0.0008941330015659332, -1.8584076315164566e-05, 0.0008569648489356041, 0.0017325137741863728, 0.0026080626994371414, 0.00348361162468791, 0.004359160549938679, 0.005234709475189447, 0.006110258400440216, 0.006985807325690985, 0.007861356250941753, 0.008736904710531235, 0.00961245410144329, 0.010488003492355347, 0.011363551951944828, 0.01223910041153431, 0.013114649802446365, 0.013990199193358421, 0.014865747652947903, 0.015741296112537384, 0.01661684550344944, 0.017492394894361496, 0.018367942422628403, 0.01924349181354046, 0.020119041204452515, 0.02099459059536457, 0.021870139986276627, 0.022745687514543533, 0.02362123690545559]}, "gradients/layer0.bias": {"_type": "histogram",