{"train_loss": 2.1586647033691406, "train_sum_loss": 5236.652682542801, "train_sum_loss/Batch": 163.64539632946253, "_timestamp": 1678700186.8030064, "_runtime": 219.1149513721466, "_step": 48347, "gradients/layer2.bias": {"_type": "histogram", "values": [1.0, 0.0, 0.0, 0.0, 0.0, 0.0, 0.0, 0.0, 0.0, 1.0, 0.0, 0.0, 0.0, 0.0, 0.0, 0.0, 0.0, 0.0, 0.0, 0.0, 0.0, 1.0, 1.0, 2.0, 1.0, 2.0, 1.0, 2.0, 2.0, 0.0, 2.0, 1.0, 2.0, 0.0, 0.0, 1.0, 1.0, 0.0, 0.0, 2.0, 0.0, 0.0, 1.0, 1.0, 1.0, 1.0, 0.0, 16.0, 80.0, 51.0, 30.0, 18.0, 14.0, 6.0, 1.0, 2.0, 0.0, 1.0, 1.0, 2.0, 0.0, 0.0, 0.0, 1.0], "bins": [-0.05609581246972084, -0.05492038279771805, -0.053744956851005554, -0.05256952717900276, -0.05139409750699997, -0.050218671560287476, -0.04904324188828468, -0.04786781221628189, -0.0466923862695694, -0.045516956597566605, -0.04434153065085411, -0.04316610097885132, -0.041990671306848526, -0.04081524536013603, -0.03963981568813324, -0.038464389741420746, -0.037288956344127655, -0.03611352667212486, -0.03493810072541237, -0.033762671053409576, -0.032587241381406784, -0.03141181543469429, -0.030236385762691498, -0.029060957953333855, -0.02788553014397621, -0.02671010233461857, -0.025534672662615776, -0.024359244853258133, -0.02318381704390049, -0.022008389234542847, -0.020832959562540054, -0.01965753175318241, -0.01848210208117962, -0.017306674271821976, -0.016131244599819183, -0.01495581679046154, -0.013780388981103897, -0.01260496024042368, -0.011429531499743462, -0.010254103690385818, -0.009078675881028175, -0.007903247140347958, -0.0067278193309903145, -0.005552390590310097, -0.004376962315291166, -0.003201534040272236, -0.002026105299592018, -0.000850677490234375, 0.00032475218176841736, 0.0015001805732026696, 0.002675608964636922, 0.003851037472486496, 0.005026465747505426, 0.006201894022524357, 0.007377322763204575, 0.008552750572562218, 0.009728179313242435, 0.010903608053922653, 0.012079035863280296, 0.013254464603960514, 0.014429893344640732, 0.015605321153998375, 0.016780748963356018, 0.01795617863535881, 0.019131606444716454]}, "gradients/layer2.weight": {"_type": "histogram", "values": [1.0, 0.0, 1.0, 0.0, 0.0, 0.0, 0.0, 1.0, 0.0, 2.0, 0.0, 0.0, 1.0, 0.0, 1.0, 2.0, 1.0, 1.0, 1.0, 6.0, 1.0, 2.0, 8.0, 7.0, 11.0, 26.0, 23.0, 49.0, 77.0, 148.0, 355.0, 1204.0, 10253.0, 112935.0, 1954.0, 495.0, 185.0, 101.0, 41.0, 34.0, 18.0, 13.0, 12.0, 7.0, 1.0, 1.0, 5.0, 3.0, 4.0, 1.0, 1.0, 3.0, 2.0, 0.0, 0.0, 1.0, 0.0, 0.0, 0.0, 0.0, 0.0, 0.0, 0.0, 1.0], "bins": [-0.5741795897483826, -0.5568612217903137, -0.5395428538322449, -0.5222244262695312, -0.5049060583114624, -0.48758769035339355, -0.4702693223953247, -0.45295092463493347, -0.43563252687454224, -0.4183141589164734, -0.40099576115608215, -0.3836773931980133, -0.36635899543762207, -0.3490406274795532, -0.3317222595214844, -0.31440386176109314, -0.2970854938030243, -0.27976712584495544, -0.2624487280845642, -0.24513036012649536, -0.22781196236610413, -0.21049359440803528, -0.19317521154880524, -0.1758568286895752, -0.15853846073150635, -0.1412200778722763, -0.12390169501304626, -0.10658331960439682, -0.08926493674516678, -0.07194655388593674, -0.05462817847728729, -0.03730979561805725, -0.019991397857666016, -0.0026730168610811234, 0.014645364135503769, 0.03196374326944351, 0.04928212612867355, 0.0666005089879036, 0.08391888439655304, 0.10123726725578308, 0.11855566501617432, 0.13587404787540436, 0.1531924307346344, 0.17051079869270325, 0.18782919645309448, 0.20514756441116333, 0.22246594727039337, 0.2397843301296234, 0.25710269808769226, 0.2744210660457611, 0.29173946380615234, 0.3090578317642212, 0.3263762295246124, 0.3436945974826813, 0.3610129952430725, 0.37833136320114136, 0.3956497311592102, 0.41296809911727905, 0.4302864968776703, 0.44760486483573914, 0.46492326259613037, 0.4822416305541992, 0.49955999851226807, 0.5168783664703369, 0.5341967940330505]}, "gradients/layer1.bias": {"_type": "histogram", "values": [1.0, 3.0, 0.0, 1.0, 0.0, 1.0, 0.0, 1.0, 2.0, 2.0, 2.0, 2.0, 5.0, 4.0, 11.0, 12.0, 8.0, 15.0, 11.0, 13.0, 15.0, 20.0, 22.0, 24.0, 34.0, 22.0, 27.0, 27.0, 28.0, 21.0, 30.0, 19.0, 30.0, 23.0, 11.0, 10.0, 6.0, 9.0, 8.0, 5.0, 6.0, 6.0, 2.0, 2.0, 1.0, 1.0, 0.0, 1.0, 2.0, 0.0, 2.0, 0.0, 0.0, 0.0, 1.0, 0.0, 1.0, 0.0, 1.0, 0.0, 0.0, 0.0, 0.0, 1.0], "bins": [-0.012853547930717468, -0.012375379912555218, -0.011897211894392967, -0.011419042944908142, -0.010940874926745892, -0.010462706908583641, -0.00998453889042139, -0.00950637087225914, -0.009028201922774315, -0.008550033904612064, -0.008071865886449814, -0.007593697402626276, -0.007115528918802738, -0.006637360900640488, -0.006159192882478237, -0.005681024398654699, -0.005202856380492449, -0.004724688362330198, -0.0042465198785066605, -0.00376835186034441, -0.003290183376520872, -0.0028120153583586216, -0.0023338471073657274, -0.0018556788563728333, -0.0013775108382105827, -0.0008993425872176886, -0.0004211743944324553, 5.699379835277796e-05, 0.0005351620493456721, 0.0010133301839232445, 0.0014914984349161386, 0.001969666685909033, 0.0024478351697325706, 0.002926003420725465, 0.003404171671718359, 0.0038823396898806095, 0.004360508173704147, 0.004838676191866398, 0.005316844210028648, 0.005795012693852186, 0.006273181177675724, 0.0067513491958379745, 0.007229517679661512, 0.007707685697823763, 0.0081858541816473, 0.008664022199809551, 0.009142190217971802, 0.009620359167456627, 0.010098526254296303, 0.010576694272458553, 0.011054862290620804, 0.011533031240105629, 0.01201119925826788, 0.01248936727643013, 0.01296753529459238, 0.013445703312754631, 0.013923872262239456, 0.014402040280401707, 0.014880208298563957, 0.015358377248048782, 0.015836544334888458, 0.016314713284373283, 0.01679288223385811, 0.017271049320697784, 0.01774921827018261]}, "gradients/layer1.weight": {"_type": "histogram", "values": [2.0, 0.0, 0.0, 0.0, 1.0, 2.0, 0.0, 3.0, 4.0, 5.0, 7.0, 12.0, 11.0, 16.0, 32.0, 41.0, 50.0, 73.0, 115.0, 147.0, 219.0, 323.0, 428.0, 700.0, 1145.0, 1878.0, 3089.0, 5387.0, 10207.0, 19440.0, 38074.0, 68689.0, 100223.0, 105110.0, 76348.0, 43153.0, 22359.0, 11568.0, 6062.0, 3594.0, 2022.0, 1296.0, 818.0, 513.0, 364.0, 232.0, 168.0, 96.0, 74.0, 49.0, 38.0, 29.0, 19.0, 14.0, 10.0, 9.0, 5.0, 4.0, 4.0, 1.0, 3.0, 0.0, 2.0, 1.0], "bins": [-0.025337116792798042, -0.024571698158979416, -0.02380627952516079, -0.023040860891342163, -0.022275440394878387, -0.02151002176105976, -0.020744603127241135, -0.019979184493422508, -0.019213765859603882, -0.018448347225785255, -0.01768292859196663, -0.016917509958148003, -0.016152091324329376, -0.015386671759188175, -0.014621252194046974, -0.013855833560228348, -0.013090414926409721, -0.012324996292591095, -0.011559577658772469, -0.010794158093631268, -0.010028739459812641, -0.009263320825994015, -0.008497901260852814, -0.007732482627034187, -0.006967063993215561, -0.0062016453593969345, -0.005436226259917021, -0.004670807160437107, -0.0039053885266184807, -0.0031399696599692106, -0.0023745507933199406, -0.0016091316938400269, -0.0008437130600214005, -7.82941933721304e-05, 0.0006871246732771397, 0.0014525435399264097, 0.0022179624065756798, 0.00298338127322495, 0.00374880013987422, 0.004514219239354134, 0.00527963787317276, 0.006045056506991386, 0.0068104756064713, 0.007575894705951214, 0.00834131333976984, 0.009106731973588467, 0.009872151538729668, 0.010637570172548294, 0.01140298880636692, 0.012168407440185547, 0.012933826074004173, 0.013699245639145374, 0.014464664272964, 0.015230082906782627, 0.015995502471923828, 0.016760921105742455, 0.01752633973956108, 0.018291758373379707, 0.019057177007198334, 0.01982259564101696, 0.020588014274835587, 0.021353434771299362, 0.02211885340511799, 0.022884272038936615, 0.02364969067275524]}, "gradients/layer0.bias": {"_type": "histogram",